Cancer,ASD,ASD_Cancer,Control
255,126,34,29
85,34,14,29
234,39,15,40
171,79,173,45
331,130,252,77
328,130,92,97
61,130,150,139
264,14,129,198
384,159,132,229
179,15,132,248
103,15,165,265
65,173,36,302
103,173,61,319
398,335,61,324
50,335,93,56
334,12,101,149
207,276,135,131
66,48,139,128
325,107,247,3
243,107,316,79
384,162,125,123
298,22,13,171
247,24,134,
320,252,134,
176,252,241,
129,326,89,
321,326,131,
172,92,131,
20,105,167,
105,136,26,
37,211,277,
130,171,111,
19,17,155,
248,298,155,
94,150,177,
144,150,27,
13,157,68,
87,157,68,
30,288,68,
106,43,88,
128,127,255,
43,129,,
104,129,,
254,132,,
161,132,,
131,165,,
24,36,,
209,44,,
135,118,,
43,123,,
119,141,,
336,61,,
149,61,,
36,93,,
206,93,,
365,93,,
152,101,,
107,101,,
338,122,,
256,135,,
36,135,,
354,50,,
148,139,,
357,182,,
337,220,,
130,23,,
150,23,,
88,247,,
274,25,,
35,316,,
135,320,,
115,70,,
59,125,,
130,128,,
173,12,,
25,13,,
170,164,,
13,254,,
136,267,,
130,6,,
234,134,,
6,134,,
307,134,,
122,1,,
293,1,,
162,239,,
20,239,,
217,270,,
130,270,,
305,35,,
142,200,,
252,206,,
323,241,,
132,241,,
136,241,,
129,204,,
70,246,,
132,354,,
100,38,,
154,89,,
296,95,,
171,96,,
65,170,,
121,170,,
112,170,,
124,294,,
52,305,,
66,131,,
166,131,,
119,160,,
79,167,,
24,202,,
341,26,,
196,277,,
273,78,,
47,111,,
341,274,,
126,155,,
112,155,,
259,155,,
123,176,,
178,177,,
317,188,,
11,27,,
24,65,,
295,68,,
318,68,,
245,68,,
92,68,,
251,88,,
182,133,,
339,217,,
108,255,,
232,343,,
96,,,
66,,,
15,,,
35,,,
137,,,
55,,,
6,,,
230,,,
167,,,
192,,,
145,,,
215,,,
156,,,
97,,,
74,,,
248,,,
330,,,
92,,,
34,,,
201,,,
39,,,
325,,,
234,,,
272,,,
46,,,
35,,,
57,,,
10,,,
204,,,
270,,,
60,,,
341,,,
272,,,
6,,,
226,,,
195,,,
291,,,
67,,,
121,,,
139,,,
156,,,
99,,,
38,,,
166,,,
152,,,
90,,,
7,,,
146,,,
189,,,
136,,,
72,,,
111,,,
108,,,
3,,,
70,,,
93,,,
70,,,
34,,,
225,,,
70,,,
45,,,
107,,,
252,,,
152,,,
268,,,
46,,,
81,,,
159,,,
113,,,
91,,,
185,,,
230,,,
264,,,
11,,,
174,,,
47,,,
125,,,
153,,,
123,,,
151,,,
27,,,
255,,,
48,,,
348,,,
118,,,
63,,,
303,,,
140,,,
227,,,
71,,,
96,,,
160,,,
152,,,
138,,,
122,,,
128,,,
304,,,
331,,,
165,,,
167,,,
48,,,
265,,,
162,,,
275,,,
148,,,
345,,,
167,,,
138,,,
14,,,
185,,,
161,,,
97,,,
132,,,
187,,,
118,,,
16,,,
109,,,
134,,,
124,,,
245,,,
5,,,
161,,,
226,,,
357,,,
246,,,
284,,,
275,,,
41,,,
382,,,
263,,,
357,,,
204,,,
96,,,
33,,,
252,,,
388,,,
348,,,
121,,,
94,,,
14,,,
53,,,
345,,,
217,,,
205,,,
28,,,
204,,,
27,,,
256,,,
109,,,
160,,,
101,,,
244,,,
168,,,
86,,,
55,,,
61,,,
304,,,
14,,,
54,,,
62,,,
137,,,
141,,,
98,,,
135,,,
10,,,
82,,,
154,,,
335,,,
49,,,
204,,,
35,,,
173,,,
276,,,
124,,,
201,,,
287,,,
326,,,
335,,,
73,,,
162,,,
233,,,
200,,,
142,,,
62,,,
175,,,
286,,,
299,,,
209,,,
27,,,
15,,,
225,,,
144,,,
279,,,
79,,,
330,,,
325,,,
150,,,
31,,,
67,,,
123,,,
129,,,
326,,,
154,,,
268,,,
291,,,
156,,,
181,,,
10,,,
246,,,
120,,,
282,,,
310,,,
28,,,
32,,,
73,,,
78,,,
81,,,
215,,,
162,,,
157,,,
67,,,
176,,,
181,,,
55,,,
259,,,
272,,,
144,,,
95,,,
155,,,
127,,,
337,,,
90,,,
262,,,
209,,,
201,,,
271,,,
333,,,
177,,,
105,,,
271,,,
235,,,
145,,,
132,,,
221,,,
17,,,
30,,,
124,,,
258,,,
85,,,
323,,,
213,,,
275,,,
258,,,
55,,,
161,,,
19,,,
153,,,
89,,,
62,,,
315,,,
169,,,
354,,,
181,,,
217,,,
338,,,
255,,,
369,,,
130,,,
250,,,
388,,,
169,,,
5,,,
256,,,
39,,,
123,,,
188,,,
53,,,
208,,,
34,,,
69,,,
167,,,
63,,,
213,,,
394,,,
66,,,
151,,,
10,,,
69,,,
164,,,
8,,,
21,,,
86,,,
205,,,
